SerialNumber,T::TP1_T_PCT_400,T::TP1_T_PCT_410,T::TP1_T_PCT_420,T::TP1_T_PCT_450,T::TP1_T_PCT_500,T::TP1_T_PCT_550,T::TP1_T_PCT_600,T::TP1_T_PCT_650,T::TP1_T_PCT_700,T::TP1_T_PCT_750,T::TP1_T_PCT_800,T::TP1_T_PCT_850,T::TP1_T_PCT_900,T::TP1_T_PCT_950,T::TP1_T_PCT_1000,T::TP1_T_PCT_1050,T::TP1_T_PCT_1100,T::TP2_T_PCT_400,T::TP2_T_PCT_410,T::TP2_T_PCT_420,T::TP2_T_PCT_450,T::TP2_T_PCT_500,T::TP2_T_PCT_550,T::TP2_T_PCT_600,T::TP2_T_PCT_650,T::TP2_T_PCT_700,T::TP2_T_PCT_750,T::TP2_T_PCT_800,T::TP2_T_PCT_850,T::TP2_T_PCT_900,T::TP2_T_PCT_950,T::TP2_T_PCT_1000,T::TP2_T_PCT_1050,T::TP2_T_PCT_1100,T::TP3_T_PCT_400,T::TP3_T_PCT_410,T::TP3_T_PCT_420,T::TP3_T_PCT_450,T::TP3_T_PCT_500,T::TP3_T_PCT_550,T::TP3_T_PCT_600,T::TP3_T_PCT_650,T::TP3_T_PCT_700,T::TP3_T_PCT_750,T::TP3_T_PCT_800,T::TP3_T_PCT_850,T::TP3_T_PCT_900,T::TP3_T_PCT_950,T::TP3_T_PCT_1000,T::TP3_T_PCT_1050,T::TP3_T_PCT_1100,T::TP4_T_PCT_400,T::TP4_T_PCT_410,T::TP4_T_PCT_420,T::TP4_T_PCT_450,T::TP4_T_PCT_500,T::TP4_T_PCT_550,T::TP4_T_PCT_600,T::TP4_T_PCT_650,T::TP4_T_PCT_700,T::TP4_T_PCT_750,T::TP4_T_PCT_800,T::TP4_T_PCT_850,T::TP4_T_PCT_900,T::TP4_T_PCT_950,T::TP4_T_PCT_1000,T::TP4_T_PCT_1050,T::TP4_T_PCT_1100,T::TP5_T_PCT_400,T::TP5_T_PCT_410,T::TP5_T_PCT_420,T::TP5_T_PCT_450,T::TP5_T_PCT_500,T::TP5_T_PCT_550,T::TP5_T_PCT_600,T::TP5_T_PCT_650,T::TP5_T_PCT_700,T::TP5_T_PCT_750,T::TP5_T_PCT_800,T::TP5_T_PCT_850,T::TP5_T_PCT_900,T::TP5_T_PCT_950,T::TP5_T_PCT_1000,T::TP5_T_PCT_1050,T::TP5_T_PCT_1100
00263460310HM4602,1.895345,2.074105,2.252925,2.65132,3.407065,4.25153,4.75577,5.59413,6.647305,9.008095,11.745355,13.44834,15.747265,18.056275,19.896735,21.4454,22.35578,1.91642,2.094195,2.26194,2.67298,3.42893,4.273975,4.792875,5.636575,6.70221,9.064285,11.8281,13.561125,15.806915,18.254645,20.06024,21.483385,22.47703,2.06421,2.262625,2.442545,2.88018,3.68543,4.58314,5.14818,6.004435,7.12529,9.563845,12.3972,14.16646,16.48458,18.937015,20.802285,22.237205,23.24866,2.223465,2.42691,2.61838,3.08521,3.94401,4.888435,5.45787,6.371245,7.550095,10.044185,12.934275,14.73593,17.202995,19.53287,21.503395,22.93976,24.06436,2.15762,2.360145,2.550105,2.99876,3.84457,4.77543,5.33826,6.23571,7.40312,9.88654,12.766635,14.59606,17.01217,19.330355,21.26287,22.667175,23.787395
00263460719HM4602,1.834235,2.0026,2.172865,2.571915,3.320075,4.15984,4.654035,5.48116,6.53715,8.88405,11.617485,13.365705,15.636245,17.96994,19.748795,21.255965,22.211905,1.753315,1.93225,2.09803,2.483555,3.218715,4.045255,4.561495,5.35939,6.39958,8.72627,11.467885,13.16903,15.42475,17.74601,19.52823,20.989375,21.98426,1.766015,1.93216,2.091745,2.491935,3.224945,4.047665,4.55445,5.389005,6.425485,8.77668,11.497505,13.23727,15.464265,17.882375,19.605795,21.14474,22.10013,1.565925,1.720825,1.872215,2.232005,2.91735,3.68446,4.16457,4.9248,5.922195,8.157075,10.73795,12.425795,14.64827,16.95728,18.698825,20.123805,21.133955,1.70652,1.871225,2.030485,2.41886,3.14569,3.97243,4.46892,5.29047,6.34368,8.65135,11.299695,13.018425,15.323545,17.63062,19.353865,20.902405,21.83452
00263461004HM4602,2.59484,2.832175,3.04463,3.57049,4.508985,5.53209,6.13537,7.12829,8.33463,11.036545,14.128235,16.0361,18.491115,20.90089,22.77587,24.42439,25.37842,2.387335,2.60473,2.808395,3.294885,4.188145,5.15722,5.75862,6.706805,7.899155,10.536145,13.51953,15.32086,17.79899,20.253485,22.092305,23.550975,24.65206,2.41344,2.63631,2.836575,3.34004,4.226515,5.218225,5.820195,6.765625,7.978605,10.64531,13.61251,15.427215,17.85316,20.354115,22.215575,23.7098,24.80936,2.00398,2.20055,2.37435,2.80069,3.60797,4.506175,5.04293,5.921055,7.04206,9.479005,12.28844,14.016475,16.397055,18.7643,20.641405,22.096235,23.12028,1.860235,2.04741,2.218785,2.63083,3.41605,4.28118,4.793,5.667955,6.747645,9.15352,11.9088,13.68474,16.05173,18.38581,20.093845,21.63087,22.54899
00263461197HM4602,2.18125,2.373685,2.55781,2.987865,3.76559,4.634235,5.156735,5.99963,7.08665,9.483345,12.3196,14.09421,16.394765,18.603755,20.607315,22.01185,23.03853,2.17219,2.373635,2.54875,2.970895,3.75972,4.621675,5.15855,6.01247,7.105475,9.52065,12.326555,14.101205,16.385535,18.7774,20.591885,22.02464,23.027505,2.064355,2.265115,2.437735,2.861695,3.64261,4.50922,5.03545,5.86724,6.954285,9.37609,12.15124,13.945045,16.211885,18.591735,20.462835,21.936065,22.931945,1.9095,2.0821,2.244915,2.63932,3.381825,4.219315,4.726725,5.53716,6.591905,8.918315,11.615095,13.30003,15.611865,17.926405,19.72543,21.272105,22.16808,1.75428,1.923145,2.078415,2.4493,3.160905,3.951775,4.426835,5.2159,6.230055,8.467255,11.071405,12.79732,15.10641,17.29292,19.013515,20.470235,21.54541
00263461245HM4602,2.35124,2.551645,2.729605,3.15728,3.93354,4.78228,5.294885,6.144995,7.16567,9.61014,12.367305,13.99897,16.3433,18.74735,20.56633,21.998805,22.913565,2.093285,2.267465,2.44025,2.834255,3.564765,4.369225,4.85498,5.66989,6.663015,9.00417,11.669735,13.307035,15.512395,17.979145,19.63934,21.21654,21.98037,1.98386,2.157895,2.33058,2.710485,3.43193,4.224625,4.704485,5.50047,6.5056,8.824735,11.444355,13.016305,15.274725,17.725705,19.4323,21.00629,21.861645,1.833035,1.999015,2.16019,2.556775,3.292575,4.122615,4.61264,5.440155,6.47963,8.844225,11.47853,13.17722,15.460095,17.866255,19.62628,21.154345,22.05061,1.676625,1.832305,1.987035,2.344065,3.0153,3.77012,4.23066,4.996425,5.951615,8.191285,10.6834,12.34987,14.502945,16.826565,18.55439,19.987985,20.949635
00263470118HM4602,2.23843,2.44314,2.62218,3.050595,3.836465,4.70583,5.23583,6.11393,7.17651,9.63787,12.40186,14.1107,16.48392,18.91347,20.718345,22.18986,23.13347,2.18378,2.365255,2.548515,2.97856,3.750735,4.617425,5.13762,5.98304,7.03737,9.48642,12.166965,13.944505,16.196345,18.78371,20.487065,21.96958,22.90381,2.12432,2.314685,2.497715,2.920265,3.69385,4.57287,5.09747,5.931315,7.00428,9.4455,12.188865,13.871965,16.210725,18.70683,20.479625,21.987005,22.85549,1.801295,1.962175,2.13346,2.509595,3.204895,4.004865,4.4816,5.26984,6.27101,8.53761,11.14606,12.86343,15.06847,17.444325,19.20762,20.692645,21.529825,1.735475,1.906855,2.064165,2.4373,3.125495,3.91183,4.380515,5.16326,6.16568,8.409135,10.96716,12.67023,14.912215,17.19332,18.95999,20.39306,21.371415
00263470272HM4602,1.87819,2.04855,2.203945,2.592875,3.30344,4.109795,4.60366,5.40046,6.41007,8.70956,11.368715,12.990605,15.28133,17.730505,19.394195,20.93474,21.77367,1.916455,2.103695,2.26188,2.658715,3.399115,4.22135,4.714295,5.52912,6.54984,8.909085,11.56357,13.22145,15.45713,18.018385,19.60916,21.251815,22.036965,1.791645,1.963845,2.11926,2.496965,3.207475,4.009695,4.49391,5.285425,6.290115,8.575905,11.194515,12.80847,15.048245,17.535765,19.17223,20.739635,21.599785,1.830165,1.99049,2.15464,2.545355,3.273995,4.074165,4.563585,5.376675,6.401005,8.71188,11.32383,13.05362,15.308195,17.698035,19.42895,20.966475,21.806105,1.678395,1.821675,1.986,2.35867,3.052025,3.839795,4.299655,5.07654,6.08278,8.355575,10.93758,12.638815,14.896295,17.167405,18.97646,20.375335,21.329235
00263470750HM4602,2.81914,3.05698,3.281455,3.793555,4.71485,5.743925,6.346255,7.331825,8.522675,11.272835,14.284625,16.07754,18.533455,21.168655,22.910625,24.56857,25.441625,2.714635,2.943545,3.158625,3.659285,4.574885,5.56682,6.170795,7.133405,8.31161,11.00534,13.93666,15.761705,18.15936,20.87263,22.59847,24.17187,25.112015,2.959565,3.219195,3.43346,3.970405,4.91919,5.979695,6.605985,7.57445,8.830685,11.578415,14.578785,16.416595,18.80308,21.59641,23.354805,25.039145,25.81657,2.670655,2.90447,3.115565,3.63543,4.579695,5.60352,6.216555,7.196545,8.42405,11.114485,14.10958,15.983225,18.35429,21.020095,22.90221,24.40115,25.33108,2.70492,2.93591,3.147075,3.667295,4.601685,5.60875,6.234865,7.210225,8.421385,11.140135,14.041565,15.967605,18.375625,20.94677,22.812185,24.332695,25.29469
00263511273HL3K05,2.35462,2.564745,2.764995,3.203465,4.017975,4.90904,5.41986,6.32085,7.424685,9.96418,12.65518,14.555755,16.8262,18.957075,20.965545,22.39406,23.500565,2.55318,2.79359,3.00326,3.469515,4.330095,5.28382,5.82599,6.74644,7.91103,10.553925,13.32284,15.244015,17.546735,19.824915,21.74942,23.18371,24.22173,2.259355,2.470045,2.66238,3.086745,3.874415,4.75261,5.282655,6.142575,7.21953,9.742245,12.390715,14.266565,16.52748,18.66419,20.634635,21.97691,23.04531,2.23108,2.4394,2.626455,3.03823,3.839305,4.692705,5.20267,6.078535,7.15135,9.655055,12.275055,14.151615,16.27801,18.542295,20.4512,21.785045,22.84184,2.337445,2.559125,2.75611,3.18538,3.99315,4.88248,5.406105,6.293965,7.3932,9.93678,12.651765,14.526275,16.81091,18.941325,20.923795,22.28677,23.372045
00263530239HL3K05,1.78212,1.96005,2.128055,2.50031,3.19541,3.9621,4.430065,5.198665,6.19051,8.405435,10.913475,12.60382,14.729655,16.857085,18.620135,19.94789,20.97983,1.59406,1.76038,1.914395,2.26066,2.90434,3.613515,4.0675,4.79787,5.74636,7.85527,10.290275,11.92568,13.97828,16.077205,17.79728,19.093525,20.10534,1.871595,2.05913,2.23159,2.62736,3.33903,4.15155,4.63844,5.451165,6.48155,8.758875,11.326035,13.004155,15.14351,17.371615,19.05266,20.459325,21.39915,1.785375,1.965385,2.13144,2.4988,3.18257,3.93495,4.41173,5.174305,6.161305,8.371265,10.85459,12.493835,14.602115,16.73235,18.499155,19.83348,20.798465,1.782345,1.96276,2.12635,2.500565,3.187095,3.954,4.418515,5.200935,6.191905,8.400565,10.921215,12.59932,14.73555,16.86946,18.61896,19.92575,20.98708
00263530967HL3K05,2.712545,2.96811,3.211235,3.753385,4.73855,5.81091,6.45225,7.50384,8.78337,11.57891,14.60752,16.702645,19.04295,21.38953,23.41425,24.968595,25.83177,2.57289,2.827695,3.058105,3.58389,4.5232,5.55982,6.185295,7.19704,8.44201,11.199575,14.20468,16.257185,18.562145,21.01147,22.857195,24.489925,25.314825,2.506455,2.761405,2.985535,3.502565,4.449995,5.45696,6.07371,7.084015,8.32382,11.059075,14.039335,16.057835,18.42359,20.81238,22.654585,24.189745,25.188115,2.50709,2.75105,2.97126,3.481395,4.41925,5.42773,6.029945,7.05002,8.26662,11.011265,13.943565,15.925005,18.26259,20.68452,22.5574,24.12623,24.989145,2.707965,2.96558,3.20365,3.73719,4.735675,5.79366,6.43867,7.4872,8.759535,11.57706,14.609595,16.68708,19.06609,21.459485,23.38387,24.939025,25.87209
00263531282HL3K05,2.146425,2.365325,2.573855,3.06009,3.94174,4.909515,5.5068,6.47007,7.681175,10.36127,13.241035,15.14905,17.535255,19.878735,21.74328,23.2204,24.337075,2.28003,2.51933,2.731115,3.23948,4.16978,5.181505,5.792205,6.783675,8.0379,10.77071,13.74963,15.6689,18.07922,20.45422,22.25234,23.854405,24.90686,2.06634,2.290695,2.494295,2.968085,3.838385,4.782775,5.377605,6.33518,7.52741,10.152765,13.035715,14.94452,17.29631,19.61323,21.54816,22.991195,24.032765,2.544935,2.794765,3.030285,3.57272,4.554495,5.626495,6.249425,7.30806,8.59016,11.43455,14.45418,16.44204,18.866895,21.2864,23.21884,24.731055,25.827595,2.146145,2.368895,2.58045,3.064425,3.94053,4.91742,5.505845,6.46963,7.662655,10.346445,13.25472,15.140845,17.543835,19.868035,21.753555,23.18997,24.27404
00263540114HL3K05,2.0029,2.19591,2.377265,2.801455,3.5726,4.42726,4.95156,5.793505,6.871335,9.262865,11.96615,13.84588,16.053145,18.29469,20.19181,21.6502,22.54368,2.01613,2.213735,2.396345,2.809755,3.57533,4.43983,4.96256,5.81423,6.883725,9.261505,11.962945,13.835845,16.090845,18.296025,20.22087,21.618255,22.58871,1.991665,2.19084,2.37404,2.79131,3.561205,4.409485,4.926035,5.77236,6.828995,9.20753,11.90031,13.74767,15.988715,18.220035,20.054675,21.483935,22.438195,1.761835,1.938065,2.10647,2.484285,3.20238,3.99297,4.46834,5.27611,6.294725,8.56799,11.12815,12.91586,15.09275,17.33138,19.11208,20.56278,21.463275,1.997575,2.1947,2.37939,2.793935,3.57095,4.414635,4.940555,5.78193,6.85985,9.247265,11.98858,13.86828,16.071865,18.347245,20.174625,21.57358,22.57732
00263540755HL3K05,2.639565,2.892435,3.1142,3.611175,4.521265,5.52128,6.118695,7.06785,8.28489,10.93141,13.8672,15.82097,18.195095,20.50881,22.39929,24.069685,24.932165,2.71711,2.9572,3.19199,3.687445,4.6288,5.61276,6.22587,7.1879,8.40035,11.05649,13.99628,15.96432,18.37144,20.69205,22.590835,24.160735,25.099125,2.909745,3.16545,3.40576,3.93915,4.904905,5.940565,6.5637,7.56802,8.828295,11.54468,14.52594,16.533605,18.988325,21.2723,23.190295,24.754615,25.65954,2.553475,2.78453,2.99902,3.48506,4.39173,5.346655,5.9456,6.89068,8.06247,10.68872,13.55825,15.500895,17.80811,20.11733,22.04227,23.56166,24.513605,2.63234,2.88203,3.102035,3.59735,4.51196,5.49358,6.089005,7.05264,8.247215,10.88884,13.856995,15.8209,18.18956,20.52861,22.411915,23.908265,24.925195
00263540758HL3K05,2.143515,2.362585,2.564265,3.03909,3.910745,4.87745,5.46548,6.4182,7.61408,10.180855,13.10719,15.016725,17.396265,19.74534,21.646385,23.144015,24.24359,1.96549,2.17584,2.364925,2.81005,3.62598,4.532925,5.09859,5.981795,7.12037,9.563495,12.40465,14.30205,16.62933,18.91339,20.790245,22.219025,23.2846,2.22433,2.45452,2.66613,3.157505,4.056785,5.041965,5.653405,6.636995,7.84154,10.46195,13.43698,15.36776,17.75781,20.105285,22.03105,23.48226,24.558715,2.40346,2.64777,2.873645,3.3915,4.332725,5.362625,5.987795,6.99387,8.249125,10.966235,14.00719,15.945935,18.3279,20.83807,22.697035,24.23341,25.18407,2.12346,2.352845,2.5597,3.03301,3.907105,4.871165,5.456525,6.406335,7.604685,10.18557,13.09894,15.02748,17.39309,19.752795,21.698245,23.08085,24.1877
00263550056HL3K05,2.605035,2.855255,3.083825,3.596785,4.546805,5.590795,6.200065,7.20483,8.46395,11.189415,14.210285,16.18536,18.574345,21.048535,22.884905,24.48425,25.543795,2.637355,2.89645,3.127205,3.65301,4.595615,5.65324,6.275295,7.27528,8.5595,11.285415,14.31657,16.30795,18.683445,21.13523,22.98334,24.56473,25.538815,2.922815,3.195125,3.44136,4.000745,5.00739,6.099375,6.748515,7.81149,9.117605,11.952435,15.050975,17.021525,19.511255,21.917815,23.90393,25.284415,26.352305,2.38328,2.611055,2.824515,3.30818,4.193005,5.17118,5.755535,6.72222,7.91454,10.565605,13.502855,15.36649,17.79731,20.10924,22.103765,23.501015,24.547055,2.607435,2.85666,3.082905,3.60209,4.555265,5.590575,6.207195,7.19997,8.46694,11.19398,14.231895,16.19601,18.60328,21.047045,22.892225,24.47944,25.4543
00263570912HL3J04,0.214575,0.390115,1.401685,2.93685,3.654635,4.40539,5.13807,5.915105,6.80327,7.685955,8.523035,9.422575,10.30914,11.172815,12.19634,13.18373,14.141335,0.180665,0.33507,1.33845,2.87651,3.59176,4.348895,5.084125,5.867205,6.755765,7.64095,8.50186,9.415015,10.23962,11.153265,12.214275,13.210385,14.122115,0.260705,0.469075,1.483315,3.02048,3.73015,4.48637,5.21388,5.99152,6.894585,7.75531,8.58401,9.49335,10.34142,11.214535,12.262595,13.25973,14.09447,0.24708,0.444575,1.47881,3.02969,3.744525,4.50615,5.25119,6.024455,6.88653,7.765265,8.6129,9.51855,10.41378,11.247005,12.26792,13.291285,14.21306,0.212255,0.392545,1.39863,2.932535,3.65744,4.40356,5.13826,5.90972,6.79739,7.675335,8.51068,9.431895,10.274255,11.17351,12.199685,13.226455,14.10538
00263571080HL3J04,0.20309,0.389575,1.339775,2.85214,3.552145,4.2668,4.976535,5.72806,6.601985,7.43146,8.242175,9.127145,9.977605,10.80333,11.807465,12.833775,13.652955,0.18,0.333245,1.26287,2.76644,3.4717,4.18371,4.89367,5.64489,6.51667,7.355825,8.17851,9.05138,9.87064,10.725545,11.77463,12.787615,13.609055,0.24244,0.456295,1.416195,2.933065,3.633965,4.358845,5.05246,5.800215,6.68483,7.527145,8.33069,9.19694,10.01062,10.895625,11.88574,12.842045,13.73559,0.23426,0.42912,1.392865,2.900425,3.609095,4.322105,5.01863,5.771925,6.60468,7.45683,8.26376,9.13399,10.00677,10.84277,11.807155,12.78937,13.69089,0.205295,0.388185,1.340085,2.8491,3.549805,4.268735,4.96512,5.71557,6.585285,7.432155,8.24006,9.11188,9.94186,10.787815,11.83377,12.82119,13.646345
00263571366HL3J04,0.202995,0.37317,1.203405,2.68253,3.34883,4.056285,4.7398,5.486855,6.32614,7.15454,7.942115,8.824835,9.65112,10.48239,11.49597,12.46816,13.298605,0.176145,0.325025,1.16903,2.659755,3.346585,4.04764,4.74316,5.49739,6.355345,7.1965,8.017265,8.891635,9.708725,10.553525,11.620935,12.528025,13.48546,0.24058,0.43957,1.277375,2.764745,3.43583,4.15449,4.841175,5.569815,6.438005,7.26099,8.04442,8.91961,9.710425,10.502085,11.57515,12.512765,13.34219,0.23071,0.415795,1.285735,2.77819,3.47038,4.16538,4.854935,5.60788,6.43412,7.284805,8.07479,8.93371,9.811125,10.608375,11.62687,12.613045,13.472935,0.200605,0.371865,1.199145,2.682465,3.343495,4.046815,4.73793,5.466805,6.31311,7.143445,7.93476,8.820865,9.627735,10.478005,11.494895,12.462315,13.272065
00263571816HL3J04,0.22194,0.41778,1.52822,3.111985,3.838125,4.60026,5.363685,6.15944,7.091545,7.985325,8.824765,9.741235,10.61371,11.535745,12.520025,13.635835,14.43767,0.184175,0.35878,1.451415,3.016665,3.764275,4.52808,5.286025,6.09268,7.02539,7.921605,8.756755,9.68316,10.56907,11.49786,12.525485,13.602455,14.399125,0.265235,0.498985,1.61253,3.189835,3.93148,4.70101,5.452405,6.249475,7.200545,8.087025,8.91046,9.835685,10.694025,11.617085,12.59972,13.695285,14.52203,0.247415,0.466695,1.582305,3.163165,3.90377,4.6575,5.41119,6.21544,7.12567,8.03422,8.8374,9.74945,10.62824,11.53402,12.56724,13.62155,14.5165,0.217325,0.417995,1.5306,3.10559,3.84843,4.61473,5.354395,6.158205,7.083445,7.989335,8.80497,9.724105,10.59425,11.50099,12.53962,13.59936,14.48973
00263571871HL3J04,0.230465,0.4321,1.693535,3.29562,4.0572,4.85238,5.639375,6.46626,7.415325,8.33868,9.19948,10.15201,11.082625,11.96911,13.033905,14.159665,15.007775,0.196245,0.36866,1.616735,3.213945,3.978665,4.784735,5.557155,6.39906,7.358805,8.27166,9.15478,10.10084,11.019475,11.9153,13.018505,14.117835,15.00894,0.27886,0.50979,1.763975,3.363455,4.134675,4.923445,5.701785,6.513105,7.490855,8.394775,9.2489,10.186855,11.094005,11.95088,13.025695,14.106955,15.07709,0.262485,0.48247,1.743,3.34287,4.110455,4.897275,5.676375,6.51156,7.428355,8.346955,9.207835,10.11477,11.043375,11.954775,13.00716,14.12228,15.019125,0.23077,0.43522,1.69599,3.297375,4.057535,4.8446,5.652965,6.450925,7.41774,8.332425,9.19992,10.14493,11.058785,11.95957,13.038355,14.14066,15.004445
00263572176HL3J04,0.192245,0.36477,1.258055,2.727005,3.4054,4.124935,4.82157,5.556895,6.44174,7.27061,8.057325,8.917785,9.803155,10.594695,11.63409,12.68045,13.464235,0.16882,0.318165,1.191955,2.654105,3.34071,4.05189,4.762245,5.4976,6.38497,7.212415,8.012035,8.88272,9.735095,10.61692,11.61923,12.655165,13.4429,0.23062,0.43302,1.325885,2.7943,3.48048,4.2013,4.90334,5.641515,6.53371,7.35705,8.14507,8.990505,9.84925,10.72971,11.690865,12.71885,13.52874,0.216335,0.403825,1.288875,2.75546,3.42561,4.14325,4.826605,5.582175,6.42094,7.2617,8.033025,8.89386,9.74478,10.57776,11.59533,12.61501,13.447535,0.19632,0.36683,1.25632,2.718825,3.39471,4.108565,4.82145,5.55855,6.41871,7.26523,8.041565,8.90905,9.75819,10.597365,11.60398,12.62972,13.48403
00263572455HL3J04,0.222495,0.42546,1.66974,3.26401,4.01688,4.80513,5.59473,6.427495,7.364245,8.287025,9.156385,10.117655,11.01863,11.94362,13.041815,14.051805,15.039405,0.18858,0.36715,1.595295,3.187185,3.948755,4.73425,5.52656,6.347615,7.30726,8.231655,9.11547,10.088885,10.962765,11.857815,13.018795,14.06531,14.918395,0.2673,0.500335,1.76048,3.357675,4.11479,4.907955,5.70445,6.513315,7.480105,8.39828,9.276285,10.231705,11.10131,12.005915,13.11489,14.15973,14.99669,0.25522,0.4766,1.72958,3.32022,4.091655,4.87631,5.64911,6.47469,7.383725,8.315605,9.18844,10.13226,11.050665,11.93369,12.984605,14.07388,14.929715,0.220095,0.425465,1.66838,3.262125,4.01478,4.813175,5.58893,6.41085,7.35462,8.27267,9.146875,10.11239,10.998395,11.87251,13.016035,14.044335,14.951475
00263572564HL3J04,0.20124,0.381515,1.41172,2.937525,3.656295,4.409275,5.126065,5.912565,6.809455,7.684065,8.507015,9.415635,10.326935,11.189285,12.25053,13.3476,14.16633,0.177645,0.33996,1.344745,2.865575,3.594285,4.331695,5.06505,5.848045,6.757295,7.62097,8.457555,9.374015,10.26907,11.1395,12.20881,13.316325,14.20778,0.240765,0.445175,1.47957,3.007725,3.734285,4.489355,5.21786,5.98852,6.90508,7.77621,8.5883,9.501535,10.410125,11.26949,12.334095,13.41391,14.32038,0.227565,0.42243,1.46397,2.9949,3.729175,4.46444,5.197725,5.98504,6.85399,7.747095,8.55382,9.460075,10.361485,11.292895,12.299005,13.364055,14.3397,0.20228,0.38189,1.408355,2.93985,3.656525,4.405625,5.118515,5.904165,6.803815,7.677355,8.49267,9.39536,10.31031,11.163625,12.25365,13.306865,14.198455
00263550641LB7414,2.314655,2.546665,2.75834,3.25505,4.15676,5.14551,5.741125,6.710415,7.93204,10.6486,13.620405,15.496905,17.936,20.376145,22.28155,23.747205,24.714045,2.133955,2.358845,2.54551,3.022715,3.878235,4.82189,5.389905,6.33994,7.50412,10.158285,13.047105,14.8868,17.344605,19.733655,21.600085,23.032165,23.98893,1.916325,2.123955,2.30069,2.74791,3.543505,4.439735,4.98644,5.86087,6.988515,9.53079,12.33385,14.16505,16.52835,18.844,20.734845,22.16364,23.15049,2.15944,2.375545,2.573175,3.051795,3.91255,4.8725,5.46213,6.416965,7.60156,10.274735,13.238835,15.081845,17.45084,19.887995,21.80804,23.25159,24.19994,2.30019,2.533595,2.740255,3.237565,4.132895,5.116735,5.719645,6.67384,7.898285,10.612195,13.56253,15.456835,17.878145,20.33624,22.18905,23.685605,24.60887
00263550677LB7414,1.212445,1.36883,1.52051,1.92404,2.677085,3.5454,4.092805,4.954325,6.05327,8.56076,11.231695,13.05007,15.34476,17.67502,19.368755,20.78626,21.76228,1.27502,1.43415,1.597565,2.007265,2.79266,3.678045,4.248805,5.1185,6.234905,8.77693,11.497385,13.31505,15.610845,17.97816,19.632865,21.072135,21.9285,1.09831,1.240815,1.382075,1.764305,2.462155,3.279495,3.799265,4.615315,5.66074,8.06911,10.6821,12.460115,14.684725,16.927895,18.665525,19.953475,20.928515,1.199045,1.35056,1.50333,1.898875,2.641075,3.50645,4.04102,4.898715,6.001435,8.45729,11.115965,12.960475,15.154775,17.5322,19.27151,20.6111,21.57763,1.219815,1.375135,1.528625,1.929965,2.689075,3.560945,4.108195,4.965565,6.083175,8.58081,11.249805,13.088525,15.35599,17.73278,19.42882,20.79549,21.72957
00263550990LB7414,1.827965,2.025485,2.2007,2.650635,3.439795,4.32386,4.85812,5.725735,6.855325,9.445125,12.198705,14.07737,16.41278,18.76567,20.658535,21.960595,23.00545,1.88386,2.077945,2.258995,2.70634,3.509505,4.40624,4.95215,5.839735,6.979995,9.594385,12.3314,14.2367,16.573335,18.921,20.77789,22.056335,23.16174,1.72844,1.90981,2.08052,2.504195,3.259365,4.10246,4.632415,5.482725,6.561375,9.083465,11.768155,13.629265,15.844685,18.21268,20.01586,21.3271,22.25519,1.853075,2.046805,2.22626,2.67499,3.471845,4.358005,4.90088,5.79398,6.919875,9.500825,12.307525,14.17672,16.42426,18.84237,20.72038,22.010395,23.0548,1.82449,2.020955,2.19815,2.635795,3.43135,4.30676,4.84414,5.712945,6.84446,9.423415,12.16715,14.104895,16.36747,18.72146,20.62888,21.929465,22.912285
00263551269LB7414,1.46992,1.630195,1.77948,2.134495,2.788855,3.539155,3.997085,4.731515,5.6972,7.956415,10.52657,12.16541,14.437965,16.647515,18.437375,19.75309,20.82913,1.47245,1.63507,1.784625,2.14205,2.792765,3.538705,3.988645,4.73365,5.68188,7.93292,10.496545,12.15033,14.42889,16.63209,18.36215,19.75563,20.685195,1.317595,1.47103,1.60814,1.94267,2.54735,3.249295,3.680225,4.383395,5.302315,7.46561,9.950855,11.575025,13.71835,15.89667,17.67896,19.02376,19.966605,1.448795,1.609775,1.75639,2.11113,2.756975,3.50212,3.950645,4.696,5.664655,7.89269,10.47508,12.132685,14.30117,16.549645,18.3901,19.719105,20.728325,1.46012,1.62076,1.771075,2.12227,2.770715,3.51121,3.966855,4.706355,5.679685,7.918715,10.47018,12.159665,14.35782,16.59594,18.376365,19.72784,20.69752
00263551352LB7414,1.33905,1.486805,1.624985,1.960995,2.579155,3.28535,3.719555,4.41907,5.343,7.51033,9.993485,11.629455,13.80403,16.01922,17.75039,19.07466,20.088775,1.30148,1.450615,1.584515,1.91338,2.52793,3.212715,3.644765,4.34869,5.248175,7.399455,9.86986,11.496715,13.65527,15.88862,17.555815,18.91746,19.84708,1.224075,1.365085,1.49334,1.810285,2.382455,3.05045,3.463795,4.136505,5.01959,7.098295,9.51117,11.098165,13.19441,15.39166,17.04432,18.411565,19.40793,1.37723,1.53392,1.677355,2.02247,2.6526,3.379075,3.81524,4.547475,5.496795,7.6896,10.21871,11.87648,14.0234,16.24219,18.085895,19.381855,20.502955,1.33433,1.481515,1.61977,1.95162,2.570905,3.270515,3.704935,4.408465,5.33138,7.49096,9.95136,11.61736,13.78118,15.99408,17.72748,19.053825,20.0796
00263552284LB7414,2.25285,2.504915,2.746725,3.35836,4.443035,5.62981,6.369765,7.522715,8.93124,11.96992,15.204835,17.207015,19.779295,22.270345,24.29169,25.70772,26.716695,2.39728,2.66949,2.916025,3.554225,4.677095,5.922185,6.68582,7.856765,9.303425,12.404325,15.63976,17.652445,20.300625,22.77433,24.813045,26.193065,27.240455,2.043275,2.27995,2.503615,3.077135,4.100185,5.239765,5.93531,7.039425,8.391505,11.327725,14.494285,16.466925,18.971835,21.504745,23.31524,24.969855,25.857605,1.89536,2.126135,2.335225,2.888375,3.85316,4.94722,5.6034,6.679055,7.97598,10.80414,13.962015,15.859465,18.254395,20.766595,22.66746,24.175025,25.216045,2.268205,2.52657,2.757225,3.36959,4.45651,5.669425,6.394005,7.55482,8.970325,12.000795,15.229535,17.276165,19.80557,22.32105,24.33186,25.771085,26.745495
00263553461LB7414,3.15723,3.432695,3.67771,4.25024,5.24497,6.30523,6.94697,7.97456,9.286865,12.20248,15.27506,17.289875,19.696475,22.267095,24.211605,25.5383,26.54415,3.04987,3.317095,3.54917,4.104335,5.089465,6.13882,6.767345,7.764405,9.072445,11.973785,14.94088,16.94383,19.4139,21.873975,23.874035,25.130255,26.220135,2.9279,3.17946,3.41372,3.96214,4.91892,5.936715,6.568885,7.561895,8.814835,11.68901,14.685845,16.68148,19.06294,21.586965,23.51003,24.83045,25.88057,3.176435,3.44652,3.69649,4.26166,5.27379,6.361255,7.005695,8.04793,9.351175,12.281985,15.415005,17.389885,19.813035,22.412445,24.36569,25.581115,26.723865,3.1533,3.418535,3.658665,4.22546,5.22229,6.28334,6.91861,7.94625,9.255655,12.167345,15.218685,17.26554,19.671445,22.24994,24.20296,25.47979,26.55193
00263553584LB7414,2.037385,2.2315,2.415315,2.85344,3.63417,4.491735,5.00371,5.836395,6.945025,9.4798,12.205165,14.03345,16.296655,18.638675,20.502455,21.725255,22.791315,1.996855,2.19614,2.37494,2.80547,3.5743,4.424475,4.92967,5.77059,6.86889,9.396705,12.107525,13.931835,16.180875,18.485275,20.31256,21.598145,22.59698,1.78761,1.97346,2.141915,2.53142,3.260375,4.04768,4.521165,5.32011,6.35444,8.79159,11.402885,13.171295,15.345485,17.656795,19.408895,20.763755,21.5757,2.09609,2.303945,2.488885,2.933005,3.72729,4.60047,5.126155,5.994855,7.113865,9.67063,12.459975,14.29463,16.541315,18.965545,20.729795,21.98064,23.06175,2.02648,2.227365,2.41348,2.845065,3.624085,4.47134,4.987725,5.82971,6.93139,9.463875,12.180605,14.04001,16.27777,18.616065,20.47733,21.67192,22.73874
00263311784LW7412,0.17138,0.323085,1.130725,2.62482,3.290525,3.992255,4.683795,5.41771,6.306075,7.12296,7.96258,8.865555,9.618635,10.667435,11.682455,12.70607,13.51204,0.154735,0.28583,1.06039,2.542035,3.20274,3.89541,4.5927,5.30532,6.193355,7.01227,7.807745,8.727975,9.504245,10.55368,11.52599,12.58038,13.305675,0.19893,0.37495,1.19197,2.692475,3.364065,4.061595,4.765935,5.491815,6.423085,7.23131,8.045125,8.9543,9.70567,10.77061,11.729095,12.759765,13.49399,0.19501,0.370395,1.20084,2.70467,3.37815,4.088875,4.791255,5.52584,6.375635,7.20503,8.079415,8.954865,9.728205,10.72954,11.769765,12.788105,13.550855,0.171965,0.3272,1.133385,2.62827,3.294505,3.9869,4.688285,5.40796,6.30279,7.12544,7.95898,8.85856,9.626115,10.67042,11.68818,12.71484,13.47851
00263312621LW7412,0.173895,0.326465,1.26666,2.834975,3.53465,4.26872,4.988425,5.744155,6.65266,7.48073,8.291995,9.201035,9.972545,10.95612,11.931405,12.876985,13.68555,0.158525,0.29374,1.198575,2.754005,3.449355,4.17595,4.89129,5.649705,6.55107,7.37876,8.16033,9.08518,9.826005,10.845005,11.796275,12.75625,13.540825,0.19931,0.374365,1.330605,2.90098,3.603195,4.34511,5.072125,5.829545,6.760505,7.59188,8.38964,9.299985,10.037895,11.05592,12.011155,12.95931,13.669135,0.19386,0.3649,1.302775,2.873665,3.57063,4.30495,5.03092,5.77766,6.654615,7.490335,8.342445,9.20746,9.947015,10.9305,11.95241,12.874175,13.701605,0.17638,0.32816,1.266805,2.82956,3.53266,4.262135,4.98455,5.741575,6.65028,7.486325,8.294005,9.20754,9.945805,10.96554,11.967645,12.87157,13.683525
00263320538LW7412,0.171575,0.32328,1.400625,3.00047,3.71042,4.48203,5.233045,6.01291,6.96351,7.875445,8.70451,9.54928,10.53638,11.496475,12.547785,13.60342,14.442245,0.15809,0.291325,1.334775,2.914945,3.62412,4.395175,5.13214,5.912175,6.864945,7.76018,8.613935,9.448505,10.41525,11.39582,12.433645,13.491345,14.255415,0.19925,0.36832,1.43327,3.02823,3.744745,4.528115,5.25764,6.033985,7.018625,7.9213,8.766895,9.61328,10.56643,11.509945,12.576935,13.59712,14.476615,0.1975,0.365425,1.453775,3.05303,3.77218,4.542265,5.298475,6.092645,7.024445,7.91546,8.763025,9.63042,10.548815,11.509815,12.66592,13.665725,14.51835,0.173745,0.32732,1.394765,2.98774,3.699915,4.479735,5.221995,5.99877,6.963485,7.85566,8.70018,9.562035,10.50961,11.4679,12.52941,13.58086,14.395715
00263320954LW7412,0.17116,0.332815,1.66439,3.31697,4.0968,4.92577,5.76268,6.62892,7.664115,8.642505,9.545525,10.49226,11.537205,12.561475,13.750395,14.78278,15.6797,0.16266,0.312445,1.64733,3.30362,4.092905,4.91865,5.75367,6.62609,7.66106,8.647375,9.544435,10.51247,11.57748,12.612255,13.731565,14.835205,15.78518,0.195385,0.37109,1.707975,3.367745,4.15657,4.998985,5.832675,6.684575,7.75191,8.743995,9.64899,10.590235,11.63024,12.63196,13.80347,14.90346,15.743235,0.190235,0.361515,1.649245,3.298305,4.07755,4.887605,5.715245,6.55803,7.563575,8.511305,9.449345,10.397465,11.394635,12.408755,13.618475,14.71078,15.55571,0.175125,0.3357,1.666215,3.318075,4.105965,4.934525,5.75471,6.635525,7.6751,8.653645,9.56105,10.51508,11.550505,12.580855,13.772965,14.856205,15.72278
00263321344LW7412,0.181675,0.34774,1.587465,3.22668,4.00372,4.79543,5.614285,6.45373,7.479855,8.415365,9.30339,10.36195,11.22181,12.335165,13.45549,14.528395,15.38094,0.16968,0.31332,1.486285,3.114395,3.89079,4.66966,5.46307,6.312235,7.30238,8.252495,9.108775,10.171305,11.04001,12.163625,13.221015,14.29536,15.10305,0.211445,0.397045,1.63559,3.279535,4.052515,4.85428,5.672325,6.507855,7.56656,8.51365,9.37815,10.423275,11.263995,12.399625,13.497885,14.563145,15.42154,0.210955,0.39156,1.637755,3.28338,4.06198,4.859325,5.67716,6.526515,7.501835,8.453415,9.40827,10.394855,11.25008,12.35019,13.46981,14.53185,15.50451,0.187425,0.350605,1.58968,3.227195,4.00069,4.79367,5.60211,6.46556,7.484675,8.418485,9.309875,10.36853,11.232815,12.33716,13.47002,14.524255,15.40431
00263321937LW7412,0.16369,0.304965,0.994855,2.47965,3.100185,3.74777,4.41006,5.097345,5.93506,6.714205,7.478675,8.24634,9.084095,9.964195,10.98695,11.90709,12.6835,0.149965,0.275565,0.934845,2.405235,3.026735,3.68475,4.33138,5.02,5.862505,6.63503,7.38069,8.16864,9.01226,9.91207,10.883795,11.839585,12.590105,0.18767,0.351095,1.06348,2.552375,3.176185,3.84154,4.512135,5.19706,6.078845,6.86734,7.628535,8.41775,9.25113,10.152945,11.14552,12.139055,12.859075,0.18642,0.346815,1.056515,2.54577,3.180235,3.83103,4.49488,5.188345,6.01121,6.779885,7.58704,8.395275,9.19146,10.06344,11.10106,12.043785,12.83667,0.16218,0.30913,0.995395,2.47291,3.08784,3.746005,4.40103,5.09101,5.936565,6.704945,7.47098,8.269255,9.08268,9.946195,10.9798,11.930275,12.712225
00263560541LW7412,0.17095,0.322115,1.28537,2.861835,3.56014,4.310415,5.04404,5.823255,6.73571,7.62935,8.471005,9.313015,10.272995,11.23527,12.34837,13.36126,14.21981,0.1618,0.301445,1.25938,2.82148,3.52579,4.27965,5.009545,5.785525,6.703995,7.60007,8.42082,9.297435,10.23768,11.23031,12.287255,13.31547,14.203245,0.192425,0.35783,1.31666,2.8675,3.568855,4.326425,5.044235,5.82833,6.774855,7.66252,8.493875,9.362185,10.288995,11.22157,12.34358,13.38089,14.21924,0.19065,0.35489,1.30872,2.861625,3.57181,4.310235,5.033225,5.80849,6.690255,7.554645,8.444125,9.29861,10.1795,11.13556,12.28619,13.31073,14.178875,0.17106,0.32318,1.28604,2.85415,3.5597,4.302445,5.037565,5.81948,6.741025,7.61642,8.46322,9.33479,10.27938,11.22513,12.32847,13.381535,14.196385
00263560759LW7412,0.16787,0.318255,1.269525,2.823555,3.51525,4.23915,4.966345,5.719075,6.62787,7.46633,8.283595,9.24731,10.02455,11.077625,12.07958,13.1365,13.90601,0.15238,0.29119,1.22832,2.777535,3.46784,4.1888,4.888365,5.66041,6.54665,7.41826,8.20396,9.17925,9.970375,11.005765,11.999715,13.04489,13.82061,0.191135,0.359475,1.311545,2.87175,3.566145,4.29866,5.025895,5.78636,6.707265,7.55895,8.355235,9.318035,10.07293,11.147,12.125545,13.178315,13.915855,0.18963,0.35616,1.326315,2.88691,3.582645,4.31366,5.03931,5.8026,6.68546,7.537895,8.392905,9.31938,10.085515,11.11602,12.176235,13.163635,14.032905,0.168615,0.32074,1.26775,2.823995,3.50875,4.234595,4.968955,5.719585,6.62704,7.465145,8.276005,9.241535,10.01819,11.04749,12.08884,13.11491,13.912045
