WaveLength,Module1,Min%, Max%, Modue2,Min%, Max%
400,15045.5000,-150.00,150.00,13266.7300,-150.00,150.00,
401,15379.9300,-150.00,150.00,13527.8900,-150.00,150.00,
402,16001.1200,-150.00,150.00,13722.5900,-150.00,150.00,
403,16293.7100,-150.00,150.00,14023.1800,-150.00,150.00,
404,16634.0600,-150.00,150.00,14526.7000,-150.00,150.00,
405,16911.4200,-150.00,150.00,14742.6300,-150.00,150.00,
406,17207.6300,-150.00,150.00,15032.0000,-150.00,150.00,
407,17777.6600,-150.00,150.00,15218.7400,-150.00,150.00,
408,18111.2500,-150.00,150.00,15740.9900,-150.00,150.00,
409,18463.7000,-150.00,150.00,15976.8400,-150.00,150.00,
410,18746.9600,-150.00,150.00,16176.7500,-150.00,150.00,
411,19225.1500,-150.00,150.00,16370.1800,-150.00,150.00,
412,19511.3600,-150.00,150.00,16774.1400,-150.00,150.00,
413,19822.5900,-150.00,150.00,17024.1300,-150.00,150.00,
414,20027.9100,-150.00,150.00,17191.3100,-150.00,150.00,
415,20711.7900,-150.00,150.00,17458.0800,-150.00,150.00,
416,21002.2400,-150.00,150.00,17877.7600,-150.00,150.00,
417,21388.2200,-150.00,150.00,18146.7600,-150.00,150.00,
418,21702.7200,-150.00,150.00,18395.7000,-150.00,150.00,
419,22232.3000,-150.00,150.00,18861.8900,-150.00,150.00,
420,22557.2100,-150.00,150.00,19049.7200,-150.00,150.00,
421,22720.3100,-150.00,150.00,19189.0500,-150.00,150.00,
422,22989.9800,-150.00,150.00,19366.5400,-150.00,150.00,
423,23228.7900,-150.00,150.00,19557.6000,-150.00,150.00,
424,23470.8500,-150.00,150.00,19718.2800,-150.00,150.00,
425,23714.5300,-150.00,150.00,19838.8700,-150.00,150.00,
426,23965.7000,-150.00,150.00,20078.4300,-150.00,150.00,
427,24588.9100,-150.00,150.00,20512.9600,-150.00,150.00,
428,24839.7600,-150.00,150.00,20779.0700,-150.00,150.00,
429,25128.3100,-150.00,150.00,20969.5200,-150.00,150.00,
430,25283.9600,-150.00,150.00,21143.8200,-150.00,150.00,
431,25643.7000,-150.00,150.00,21471.0800,-150.00,150.00,
432,25885.4800,-150.00,150.00,21619.5300,-150.00,150.00,
433,25994.6800,-150.00,150.00,21703.2900,-150.00,150.00,
434,26193.2600,-150.00,150.00,21861.1300,-150.00,150.00,
435,26430.5200,-150.00,150.00,22209.4900,-150.00,150.00,
436,26998.0400,-150.00,150.00,22436.5900,-150.00,150.00,
437,27318.5700,-150.00,150.00,22675.0300,-150.00,150.00,
438,27569.8800,-150.00,150.00,23120.9100,-150.00,150.00,
439,27804.6300,-150.00,150.00,23254.2400,-150.00,150.00,
440,28332.0700,-150.00,150.00,23545.8600,-150.00,150.00,
441,28568.1900,-150.00,150.00,23741.0500,-150.00,150.00,
442,28739.9300,-150.00,150.00,24145.7400,-150.00,150.00,
443,29002.1200,-150.00,150.00,24296.9600,-150.00,150.00,
444,29293.9600,-150.00,150.00,24350.7100,-150.00,150.00,
445,29465.1100,-150.00,150.00,24430.3700,-150.00,150.00,
446,29502.2100,-150.00,150.00,24611.7400,-150.00,150.00,
447,29657.7600,-150.00,150.00,24693.0400,-150.00,150.00,
448,29720.5700,-150.00,150.00,24630.5200,-150.00,150.00,
449,29662.3200,-150.00,150.00,24678.1400,-150.00,150.00,
450,29465.1100,-150.00,150.00,24436.8500,-150.00,150.00,
451,29317.7100,-150.00,150.00,24259.0700,-150.00,150.00,
452,28744.1600,-150.00,150.00,24050.2200,-150.00,150.00,
453,28582.5000,-150.00,150.00,23549.1000,-150.00,150.00,
454,28523.6300,-150.00,150.00,23390.5000,-150.00,150.00,
455,28482.3300,-150.00,150.00,23418.0100,-150.00,150.00,
456,29043.7600,-150.00,150.00,23496.6600,-150.00,150.00,
457,29404.9100,-150.00,150.00,23888.3400,-150.00,150.00,
458,29688.6800,-150.00,150.00,24049.5700,-150.00,150.00,
459,29930.5100,-150.00,150.00,24227.9800,-150.00,150.00,
460,30026.5300,-150.00,150.00,24263.9300,-150.00,150.00,
461,30007.6500,-150.00,150.00,24363.9900,-150.00,150.00,
462,30108.2400,-150.00,150.00,24321.8900,-150.00,150.00,
463,30209.1600,-150.00,150.00,24519.1100,-150.00,150.00,
464,30769.2400,-150.00,150.00,24753.6100,-150.00,150.00,
465,31089.7600,-150.00,150.00,25008.5500,-150.00,150.00,
466,31322.3900,-150.00,150.00,25187.7100,-150.00,150.00,
467,31712.1700,-150.00,150.00,25436.2500,-150.00,150.00,
468,31994.1600,-150.00,150.00,25787.9100,-150.00,150.00,
469,32110.5600,-150.00,150.00,25807.0300,-150.00,150.00,
470,32243.9400,-150.00,150.00,25878.0300,-150.00,150.00,
471,32514.9900,-150.00,150.00,26104.3200,-150.00,150.00,
472,33726.7300,-150.00,150.00,26839.2400,-150.00,150.00,
473,34425.4500,-150.00,150.00,27391.8600,-150.00,150.00,
474,34843.4300,-150.00,150.00,27777.5200,-150.00,150.00,
475,35259.6700,-150.00,150.00,28050.6200,-150.00,150.00,
476,35626.7100,-150.00,150.00,28430.9900,-150.00,150.00,
477,36012.9400,-150.00,150.00,28585.6400,-150.00,150.00,
478,36365.3000,-150.00,150.00,28851.7900,-150.00,150.00,
479,36869.7400,-150.00,150.00,29575.5300,-150.00,150.00,
480,37937.3200,-150.00,150.00,29965.8900,-150.00,150.00,
481,38349.2600,-150.00,150.00,30313.7700,-150.00,150.00,
482,38646.3000,-150.00,150.00,30479.7800,-150.00,150.00,
483,38460.0900,-150.00,150.00,30503.2200,-150.00,150.00,
484,38043.1500,-150.00,150.00,30280.9000,-150.00,150.00,
485,37758.5500,-150.00,150.00,30010.1400,-150.00,150.00,
486,37407.0800,-150.00,150.00,29762.8800,-150.00,150.00,
487,37557.8300,-150.00,150.00,29566.0900,-150.00,150.00,
488,37856.1400,-150.00,150.00,29681.5600,-150.00,150.00,
489,38041.8400,-150.00,150.00,29865.6800,-150.00,150.00,
490,38257.1800,-150.00,150.00,30263.6500,-150.00,150.00,
491,38719.0200,-150.00,150.00,30329.3900,-150.00,150.00,
492,38762.1200,-150.00,150.00,30388.6300,-150.00,150.00,
493,38624.9100,-150.00,150.00,30369.4300,-150.00,150.00,
494,38331.1700,-150.00,150.00,29938.2300,-150.00,150.00,
495,37668.8600,-150.00,150.00,29737.8300,-150.00,150.00,
496,37405.4400,-150.00,150.00,29463.9700,-150.00,150.00,
497,37361.1100,-150.00,150.00,29169.0500,-150.00,150.00,
498,37351.5900,-150.00,150.00,29210.0200,-150.00,150.00,
499,37918.9100,-150.00,150.00,29322.8500,-150.00,150.00,
500,38303.2200,-150.00,150.00,29637.9700,-150.00,150.00,
501,38836.8300,-150.00,150.00,30249.6500,-150.00,150.00,
502,39145.2900,-150.00,150.00,30480.4300,-150.00,150.00,
503,39585.6900,-150.00,150.00,30723.9600,-150.00,150.00,
504,39596.5600,-150.00,150.00,30761.4000,-150.00,150.00,
505,39499.0300,-150.00,150.00,30859.4200,-150.00,150.00,
506,39385.3800,-150.00,150.00,30751.6300,-150.00,150.00,
507,39375.5000,-150.00,150.00,30751.9600,-150.00,150.00,
508,39353.7600,-150.00,150.00,30919.0200,-150.00,150.00,
509,39623.2500,-150.00,150.00,31083.8300,-150.00,150.00,
510,39793.9600,-150.00,150.00,31296.2300,-150.00,150.00,
511,40355.8600,-150.00,150.00,31557.2300,-150.00,150.00,
512,40571.6400,-150.00,150.00,31949.0200,-150.00,150.00,
513,40608.2700,-150.00,150.00,32050.7500,-150.00,150.00,
514,40664.0400,-150.00,150.00,32074.8700,-150.00,150.00,
515,40499.7000,-150.00,150.00,32031.8300,-150.00,150.00,
516,40304.0700,-150.00,150.00,31973.8000,-150.00,150.00,
517,40180.3800,-150.00,150.00,31762.5600,-150.00,150.00,
518,40078.1500,-150.00,150.00,31820.2600,-150.00,150.00,
519,40315.2800,-150.00,150.00,32020.4200,-150.00,150.00,
520,40602.6600,-150.00,150.00,32212.8000,-150.00,150.00,
521,41062.5100,-150.00,150.00,32564.7300,-150.00,150.00,
522,41994.0100,-150.00,150.00,32954.9600,-150.00,150.00,
523,42464.9800,-150.00,150.00,33598.7000,-150.00,150.00,
524,42850.1700,-150.00,150.00,33868.4600,-150.00,150.00,
525,43135.8600,-150.00,150.00,34130.4400,-150.00,150.00,
526,43728.0600,-150.00,150.00,34499.0200,-150.00,150.00,
527,44219.1800,-150.00,150.00,34678.7800,-150.00,150.00,
528,44680.3400,-150.00,150.00,35034.7900,-150.00,150.00,
529,45052.4600,-150.00,150.00,35183.2300,-150.00,150.00,
530,45126.1100,-150.00,150.00,35281.6600,-150.00,150.00,
531,44924.4300,-150.00,150.00,35193.0400,-150.00,150.00,
532,44803.7100,-150.00,150.00,35014.5100,-150.00,150.00,
533,44756.6200,-150.00,150.00,34898.7800,-150.00,150.00,
534,44652.8200,-150.00,150.00,34813.7800,-150.00,150.00,
535,44682.6700,-150.00,150.00,34869.3500,-150.00,150.00,
536,44912.1600,-150.00,150.00,34884.7200,-150.00,150.00,
537,45568.7000,-150.00,150.00,35350.0200,-150.00,150.00,
538,45779.7600,-150.00,150.00,35572.1000,-150.00,150.00,
539,46044.6300,-150.00,150.00,35754.6300,-150.00,150.00,
540,46192.6800,-150.00,150.00,35883.2100,-150.00,150.00,
541,46035.6600,-150.00,150.00,35801.0900,-150.00,150.00,
542,45734.2900,-150.00,150.00,35652.8900,-150.00,150.00,
543,45578.3200,-150.00,150.00,35530.2300,-150.00,150.00,
544,45287.3300,-150.00,150.00,35203.5100,-150.00,150.00,
545,45241.2200,-150.00,150.00,35289.5100,-150.00,150.00,
546,45472.8000,-150.00,150.00,35353.9400,-150.00,150.00,
547,45491.7100,-150.00,150.00,35392.8600,-150.00,150.00,
548,45347.0500,-150.00,150.00,35321.5600,-150.00,150.00,
549,45020.2900,-150.00,150.00,35095.6000,-150.00,150.00,
550,44629.6100,-150.00,150.00,34873.6000,-150.00,150.00,
551,44282.8200,-150.00,150.00,34373.2000,-150.00,150.00,
552,43911.2900,-150.00,150.00,34292.5000,-150.00,150.00,
553,44068.3700,-150.00,150.00,34248.0600,-150.00,150.00,
554,44176.4200,-150.00,150.00,34600.6600,-150.00,150.00,
555,44594.7900,-150.00,150.00,34855.3000,-150.00,150.00,
556,45148.3300,-150.00,150.00,35085.4600,-150.00,150.00,
557,45366.3000,-150.00,150.00,35189.4500,-150.00,150.00,
558,45402.1300,-150.00,150.00,35155.7700,-150.00,150.00,
559,45144.0200,-150.00,150.00,35070.0900,-150.00,150.00,
560,44467.1400,-150.00,150.00,34752.3200,-150.00,150.00,
561,44143.9400,-150.00,150.00,34358.5000,-150.00,150.00,
562,43906.6500,-150.00,150.00,34173.8900,-150.00,150.00,
563,43808.2400,-150.00,150.00,34179.4500,-150.00,150.00,
564,43964.6400,-150.00,150.00,34175.5200,-150.00,150.00,
565,44195.3100,-150.00,150.00,34576.1500,-150.00,150.00,
566,44470.1300,-150.00,150.00,34608.8300,-150.00,150.00,
567,44658.4600,-150.00,150.00,34707.5400,-150.00,150.00,
568,44571.2500,-150.00,150.00,34669.9500,-150.00,150.00,
569,44422.0500,-150.00,150.00,34467.6400,-150.00,150.00,
570,44035.5600,-150.00,150.00,34234.0100,-150.00,150.00,
571,43242.1500,-150.00,150.00,33833.1800,-150.00,150.00,
572,42709.8400,-150.00,150.00,33123.0400,-150.00,150.00,
573,42183.8200,-150.00,150.00,32775.4900,-150.00,150.00,
574,41361.7500,-150.00,150.00,32487.7500,-150.00,150.00,
575,41056.8900,-150.00,150.00,31901.7500,-150.00,150.00,
576,40810.5900,-150.00,150.00,31729.3100,-150.00,150.00,
577,40786.1600,-150.00,150.00,31650.1100,-150.00,150.00,
578,40897.4100,-150.00,150.00,31623.0600,-150.00,150.00,
579,41021.2300,-150.00,150.00,31901.7500,-150.00,150.00,
580,41220.0400,-150.00,150.00,32061.8300,-150.00,150.00,
581,41412.3000,-150.00,150.00,32274.4400,-150.00,150.00,
582,41858.1300,-150.00,150.00,32456.4300,-150.00,150.00,
583,41818.7900,-150.00,150.00,32496.5500,-150.00,150.00,
584,41687.8900,-150.00,150.00,32407.5100,-150.00,150.00,
585,41181.0700,-150.00,150.00,32266.9400,-150.00,150.00,
586,40886.5200,-150.00,150.00,31705.5200,-150.00,150.00,
587,40538.9700,-150.00,150.00,31526.9200,-150.00,150.00,
588,40291.8600,-150.00,150.00,31306.3300,-150.00,150.00,
589,40164.5500,-150.00,150.00,31167.2200,-150.00,150.00,
590,40334.0800,-150.00,150.00,31235.3000,-150.00,150.00,
591,40551.1800,-150.00,150.00,31371.1600,-150.00,150.00,
592,41302.9500,-150.00,150.00,31567.9800,-150.00,150.00,
593,41767.8800,-150.00,150.00,32129.9800,-150.00,150.00,
594,42014.5100,-150.00,150.00,32357.2800,-150.00,150.00,
595,42188.1200,-150.00,150.00,32562.7700,-150.00,150.00,
596,42243.3500,-150.00,150.00,32648.9000,-150.00,150.00,
597,42101.8000,-150.00,150.00,32427.4000,-150.00,150.00,
598,41930.8600,-150.00,150.00,32340.3200,-150.00,150.00,
599,41627.4100,-150.00,150.00,32110.0900,-150.00,150.00,
600,41387.8500,-150.00,150.00,32015.2100,-150.00,150.00,
601,41296.6800,-150.00,150.00,32057.9200,-150.00,150.00,
602,41447.3200,-150.00,150.00,32110.7400,-150.00,150.00,
603,41678.6400,-150.00,150.00,32468.5000,-150.00,150.00,
604,41805.5700,-150.00,150.00,32529.1700,-150.00,150.00,
605,41996.6500,-150.00,150.00,32672.3900,-150.00,150.00,
606,42014.8400,-150.00,150.00,32810.4000,-150.00,150.00,
607,41998.3000,-150.00,150.00,32750.6900,-150.00,150.00,
608,41969.2100,-150.00,150.00,32631.9300,-150.00,150.00,
609,41842.5900,-150.00,150.00,32542.5500,-150.00,150.00,
610,41589.4100,-150.00,150.00,32381.7400,-150.00,150.00,
611,41473.4300,-150.00,150.00,32194.2200,-150.00,150.00,
612,41345.2300,-150.00,150.00,32069.6600,-150.00,150.00,
613,41166.5400,-150.00,150.00,31800.3700,-150.00,150.00,
614,40869.3500,-150.00,150.00,31663.4700,-150.00,150.00,
615,40546.8900,-150.00,150.00,31510.6300,-150.00,150.00,
616,40332.7700,-150.00,150.00,31102.3900,-150.00,150.00,
617,39967.0300,-150.00,150.00,30810.5800,-150.00,150.00,
618,39409.7500,-150.00,150.00,30634.0900,-150.00,150.00,
619,39119.2800,-150.00,150.00,30528.2800,-150.00,150.00,
620,38898.0500,-150.00,150.00,30184.5600,-150.00,150.00,
621,38754.2200,-150.00,150.00,30148.1100,-150.00,150.00,
622,38771.6600,-150.00,150.00,30094.4200,-150.00,150.00,
623,38829.2600,-150.00,150.00,30165.0400,-150.00,150.00,
624,38861.8400,-150.00,150.00,30295.5400,-150.00,150.00,
625,39265.8200,-150.00,150.00,30429.0000,-150.00,150.00,
626,39383.7300,-150.00,150.00,30609.6700,-150.00,150.00,
627,39525.3900,-150.00,150.00,30689.1200,-150.00,150.00,
628,39615.6700,-150.00,150.00,30703.4500,-150.00,150.00,
629,39627.2000,-150.00,150.00,30749.6800,-150.00,150.00,
630,39607.7600,-150.00,150.00,30769.8700,-150.00,150.00,
631,39649.2800,-150.00,150.00,30668.9300,-150.00,150.00,
632,39661.1400,-150.00,150.00,30757.1700,-150.00,150.00,
633,39529.0100,-150.00,150.00,30683.2600,-150.00,150.00,
634,39529.0100,-150.00,150.00,30643.5400,-150.00,150.00,
635,39375.5000,-150.00,150.00,30604.4600,-150.00,150.00,
636,39223.9900,-150.00,150.00,30383.1000,-150.00,150.00,
637,39035.3200,-150.00,150.00,30248.3500,-150.00,150.00,
638,38811.1600,-150.00,150.00,30138.0300,-150.00,150.00,
639,38219.0400,-150.00,150.00,29822.0900,-150.00,150.00,
640,37959.0100,-150.00,150.00,29305.2900,-150.00,150.00,
641,37633.7100,-150.00,150.00,29077.7000,-150.00,150.00,
642,37153.6200,-150.00,150.00,28903.1500,-150.00,150.00,
643,37082.7200,-150.00,150.00,28721.1500,-150.00,150.00,
644,37012.4800,-150.00,150.00,28630.8100,-150.00,150.00,
645,36999.6900,-150.00,150.00,28735.4500,-150.00,150.00,
646,37284.6100,-150.00,150.00,28956.4500,-150.00,150.00,
647,37491.4800,-150.00,150.00,29080.9500,-150.00,150.00,
648,37681.0200,-150.00,150.00,29280.9000,-150.00,150.00,
649,37964.5900,-150.00,150.00,29399.2600,-150.00,150.00,
650,37978.7300,-150.00,150.00,29431.1300,-150.00,150.00,
651,37971.1700,-150.00,150.00,29402.1900,-150.00,150.00,
652,37686.9300,-150.00,150.00,29406.7400,-150.00,150.00,
653,37412.6600,-150.00,150.00,29052.6700,-150.00,150.00,
654,37325.6500,-150.00,150.00,28960.0300,-150.00,150.00,
655,37317.4400,-150.00,150.00,29000.9900,-150.00,150.00,
656,37348.6300,-150.00,150.00,29071.8500,-150.00,150.00,
657,37629.4400,-150.00,150.00,29181.4100,-150.00,150.00,
658,37703.0300,-150.00,150.00,29322.2000,-150.00,150.00,
659,38063.5300,-150.00,150.00,29476.9800,-150.00,150.00,
660,38535.0900,-150.00,150.00,29901.4700,-150.00,150.00,
661,38625.2400,-150.00,150.00,29913.1800,-150.00,150.00,
662,38721.3200,-150.00,150.00,29943.7700,-150.00,150.00,
663,38564.0500,-150.00,150.00,29950.9200,-150.00,150.00,
664,38428.1900,-150.00,150.00,29767.7600,-150.00,150.00,
665,38127.6400,-150.00,150.00,29571.3000,-150.00,150.00,
666,37655.0600,-150.00,150.00,29089.0800,-150.00,150.00,
667,37258.0200,-150.00,150.00,28867.7200,-150.00,150.00,
668,36933.7300,-150.00,150.00,28592.4700,-150.00,150.00,
669,36771.6400,-150.00,150.00,28483.6200,-150.00,150.00,
670,36448.5800,-150.00,150.00,28175.0100,-150.00,150.00,
671,36378.0900,-150.00,150.00,28177.2800,-150.00,150.00,
672,36407.2700,-150.00,150.00,28136.0400,-150.00,150.00,
673,36439.7300,-150.00,150.00,28224.3800,-150.00,150.00,
674,36457.4300,-150.00,150.00,28197.1000,-150.00,150.00,
675,36448.2500,-150.00,150.00,28228.2800,-150.00,150.00,
676,36356.4500,-150.00,150.00,28100.6300,-150.00,150.00,
677,36167.6300,-150.00,150.00,28123.0400,-150.00,150.00,
678,36114.8600,-150.00,150.00,27998.0100,-150.00,150.00,
679,35851.7400,-150.00,150.00,27675.9000,-150.00,150.00,
680,35472.4700,-150.00,150.00,27505.1400,-150.00,150.00,
681,35313.3600,-150.00,150.00,27407.7600,-150.00,150.00,
682,35189.3000,-150.00,150.00,27266.2500,-150.00,150.00,
683,35079.9900,-150.00,150.00,27219.5200,-150.00,150.00,
684,35005.3800,-150.00,150.00,27124.1100,-150.00,150.00,
685,34882.6800,-150.00,150.00,27042.0200,-150.00,150.00,
686,34772.1100,-150.00,150.00,26979.0700,-150.00,150.00,
687,34547.0900,-150.00,150.00,26824.6400,-150.00,150.00,
688,34447.3600,-150.00,150.00,26782.1400,-150.00,150.00,
689,34222.7700,-150.00,150.00,26534.6400,-150.00,150.00,
690,33915.2400,-150.00,150.00,26346.8600,-150.00,150.00,
691,33681.9800,-150.00,150.00,26217.4800,-150.00,150.00,
692,33363.5500,-150.00,150.00,25792.1200,-150.00,150.00,
693,32967.8900,-150.00,150.00,25540.9300,-150.00,150.00,
694,32542.3900,-150.00,150.00,25352.0000,-150.00,150.00,
695,32354.8300,-150.00,150.00,25103.8000,-150.00,150.00,
696,32194.7000,-150.00,150.00,25038.0300,-150.00,150.00,
697,32220.1300,-150.00,150.00,24960.2800,-150.00,150.00,
698,32346.6800,-150.00,150.00,25119.0300,-150.00,150.00,
699,32500.6400,-150.00,150.00,25399.6300,-150.00,150.00,
700,32710.4200,-150.00,150.00,25643.6700,-150.00,150.00,
701,33249.2700,-150.00,150.00,25829.0800,-150.00,150.00,
702,33470.0000,-150.00,150.00,26285.2500,-150.00,150.00,
703,33691.4500,-150.00,150.00,26414.6400,-150.00,150.00,
704,33961.3100,-150.00,150.00,26447.7200,-150.00,150.00,
705,34038.7600,-150.00,150.00,26496.7000,-150.00,150.00,
706,33988.1100,-150.00,150.00,26446.4300,-150.00,150.00,
707,33613.7100,-150.00,150.00,26331.3000,-150.00,150.00,
708,33318.8200,-150.00,150.00,25879.9700,-150.00,150.00,
709,33076.2500,-150.00,150.00,25746.0900,-150.00,150.00,
710,32763.9300,-150.00,150.00,25455.3700,-150.00,150.00,
711,32116.4300,-150.00,150.00,25235.6700,-150.00,150.00,
712,31780.9500,-150.00,150.00,24797.6600,-150.00,150.00,
713,31495.4300,-150.00,150.00,24550.2000,-150.00,150.00,
714,30934.7000,-150.00,150.00,24409.3200,-150.00,150.00,
715,30679.6700,-150.00,150.00,23956.3300,-150.00,150.00,
716,30459.2100,-150.00,150.00,23762.4100,-150.00,150.00,
717,29867.3600,-150.00,150.00,23574.0200,-150.00,150.00,
718,29462.5100,-150.00,150.00,23154.8900,-150.00,150.00,
719,29249.0600,-150.00,150.00,22957.5000,-150.00,150.00,
720,28967.3100,-150.00,150.00,22742.0000,-150.00,150.00,
721,28567.2100,-150.00,150.00,22405.5300,-150.00,150.00,
722,28464.1100,-150.00,150.00,22302.9800,-150.00,150.00,
723,28428.6600,-150.00,150.00,22286.1600,-150.00,150.00,
724,28633.5700,-150.00,150.00,22293.9200,-150.00,150.00,
725,28866.1400,-150.00,150.00,22411.0300,-150.00,150.00,
726,29021.3200,-150.00,150.00,22470.2300,-150.00,150.00,
727,29218.8000,-150.00,150.00,22524.2600,-150.00,150.00,
728,29229.8600,-150.00,150.00,22424.6200,-150.00,150.00,
729,29200.9000,-150.00,150.00,22315.2700,-150.00,150.00,
730,28998.8700,-150.00,150.00,22122.1500,-150.00,150.00,
731,28225.4000,-150.00,150.00,21469.1400,-150.00,150.00,
732,27716.8400,-150.00,150.00,21155.7800,-150.00,150.00,
733,27099.7900,-150.00,150.00,20677.2200,-150.00,150.00,
734,25681.0700,-150.00,150.00,19515.2500,-150.00,150.00,
735,24903.7700,-150.00,150.00,18926.2200,-150.00,150.00,
736,24109.6400,-150.00,150.00,18361.4300,-150.00,150.00,
737,22613.0900,-150.00,150.00,17241.1100,-150.00,150.00,
738,22080.9000,-150.00,150.00,16789.6700,-150.00,150.00,
739,21597.1300,-150.00,150.00,16443.9300,-150.00,150.00,
740,21246.5600,-150.00,150.00,15981.6900,-150.00,150.00,
741,20891.7800,-150.00,150.00,15913.1100,-150.00,150.00,
742,20841.7500,-150.00,150.00,15916.6700,-150.00,150.00,
743,20881.7100,-150.00,150.00,16037.3300,-150.00,150.00,
744,21237.4700,-150.00,150.00,16241.4500,-150.00,150.00,
745,21522.0800,-150.00,150.00,16483.3900,-150.00,150.00,
746,21698.1700,-150.00,150.00,17112.7300,-150.00,150.00,
747,22484.1000,-150.00,150.00,17463.2500,-150.00,150.00,
748,22834.0300,-150.00,150.00,17832.8200,-150.00,150.00,
749,23234.9600,-150.00,150.00,18485.2500,-150.00,150.00,
750,23863.3500,-150.00,150.00,18765.5500,-150.00,150.00,
751,24085.5900,-150.00,150.00,18977.3000,-150.00,150.00,
752,24135.9600,-150.00,150.00,19131.5100,-150.00,150.00,
753,23927.3600,-150.00,150.00,19052.6300,-150.00,150.00,
754,23454.6000,-150.00,150.00,18804.3400,-150.00,150.00,
755,23152.7600,-150.00,150.00,18561.2300,-150.00,150.00,
756,22658.5800,-150.00,150.00,17972.1700,-150.00,150.00,
757,21714.0900,-150.00,150.00,17639.4700,-150.00,150.00,
758,21232.5900,-150.00,150.00,17275.0600,-150.00,150.00,
759,20758.2500,-150.00,150.00,16596.2700,-150.00,150.00,
760,19899.9100,-150.00,150.00,16251.4800,-150.00,150.00,
761,19556.1900,-150.00,150.00,15967.4600,-150.00,150.00,
762,19364.8500,-150.00,150.00,15614.1600,-150.00,150.00,
763,19543.5200,-150.00,150.00,15769.4600,-150.00,150.00,
764,19716.6800,-150.00,150.00,16054.8000,-150.00,150.00,
765,19818.0400,-150.00,150.00,16274.7700,-150.00,150.00,
766,19693.2900,-150.00,150.00,15981.6900,-150.00,150.00,
767,18894.1200,-150.00,150.00,15626.4600,-150.00,150.00,
768,18415.6200,-150.00,150.00,14905.1200,-150.00,150.00,
769,18054.4100,-150.00,150.00,14683.3900,-150.00,150.00,
770,17703.9300,-150.00,150.00,14529.6100,-150.00,150.00,
771,17671.4500,-150.00,150.00,14476.1900,-150.00,150.00,
772,17677.2900,-150.00,150.00,14477.1600,-150.00,150.00,
773,17874.7800,-150.00,150.00,14535.7600,-150.00,150.00,
774,18003.4100,-150.00,150.00,14697.9600,-150.00,150.00,
775,18172.0000,-150.00,150.00,14762.0500,-150.00,150.00,
776,18609.5500,-150.00,150.00,14894.4400,-150.00,150.00,
777,18861.9600,-150.00,150.00,15243.3300,-150.00,150.00,
778,19222.8800,-150.00,150.00,15471.4700,-150.00,150.00,
779,19424.9500,-150.00,150.00,15644.5800,-150.00,150.00,
780,20046.1100,-150.00,150.00,15991.4000,-150.00,150.00,
781,20283.2700,-150.00,150.00,16211.6900,-150.00,150.00,
782,20641.9400,-150.00,150.00,16395.0900,-150.00,150.00,
783,20997.7000,-150.00,150.00,16578.1600,-150.00,150.00,
784,21151.3700,-150.00,150.00,16684.2400,-150.00,150.00,
785,21236.4900,-150.00,150.00,16784.8200,-150.00,150.00,
786,21462.6200,-150.00,150.00,16831.3900,-150.00,150.00,
787,21542.2200,-150.00,150.00,16876.6600,-150.00,150.00,
788,21561.0600,-150.00,150.00,16930.0200,-150.00,150.00,
789,21674.4500,-150.00,150.00,17000.2000,-150.00,150.00,
790,21615.9700,-150.00,150.00,16980.1500,-150.00,150.00,
791,21499.0100,-150.00,150.00,16869.8700,-150.00,150.00,
792,21272.5600,-150.00,150.00,16684.5600,-150.00,150.00,
793,20663.7100,-150.00,150.00,16205.8700,-150.00,150.00,
794,20314.7800,-150.00,150.00,15937.0500,-150.00,150.00,
795,20014.2700,-150.00,150.00,15701.8500,-150.00,150.00,
796,19315.7900,-150.00,150.00,15191.2300,-150.00,150.00,
797,18975.6600,-150.00,150.00,14961.1200,-150.00,150.00,
798,18658.6100,-150.00,150.00,14679.1800,-150.00,150.00,
799,18067.0800,-150.00,150.00,14209.0600,-150.00,150.00,
800,17723.4100,-150.00,150.00,13950.3000,-150.00,150.00,
801,17473.9600,-150.00,150.00,13754.6600,-150.00,150.00,
802,16963.3800,-150.00,150.00,13350.9800,-150.00,150.00,
803,16830.2200,-150.00,150.00,13238.8600,-150.00,150.00,
804,16725.3200,-150.00,150.00,13170.4800,-150.00,150.00,
805,16640.5600,-150.00,150.00,13159.1400,-150.00,150.00,
806,16775.0100,-150.00,150.00,13223.6300,-150.00,150.00,
807,16957.2100,-150.00,150.00,13380.7900,-150.00,150.00,
808,17174.5000,-150.00,150.00,13741.7100,-150.00,150.00,
809,17832.8800,-150.00,150.00,14025.1200,-150.00,150.00,
810,18194.7300,-150.00,150.00,14416.2900,-150.00,150.00,
811,18594.6100,-150.00,150.00,15018.7300,-150.00,150.00,
812,19458.4100,-150.00,150.00,15280.5500,-150.00,150.00,
813,19754.0400,-150.00,150.00,15562.0700,-150.00,150.00,
814,19948.3200,-150.00,150.00,15944.4900,-150.00,150.00,
815,20083.4700,-150.00,150.00,15918.6100,-150.00,150.00,
816,19997.7000,-150.00,150.00,15813.4600,-150.00,150.00,
817,19818.0400,-150.00,150.00,15494.4400,-150.00,150.00,
818,19210.5400,-150.00,150.00,15208.7100,-150.00,150.00,
819,18980.2100,-150.00,150.00,14956.2600,-150.00,150.00,
820,19108.5300,-150.00,150.00,14873.4000,-150.00,150.00,
821,20612.0500,-150.00,150.00,15482.8000,-150.00,150.00,
822,22283.3100,-150.00,150.00,16905.7700,-150.00,150.00,
823,24024.1800,-150.00,150.00,20305.7200,-150.00,150.00,
824,24805.6400,-150.00,150.00,20604.4700,-150.00,150.00,
825,23350.6300,-150.00,150.00,19557.9200,-150.00,150.00,
826,21208.2300,-150.00,150.00,15358.8600,-150.00,150.00,
827,19035.1100,-150.00,150.00,13883.5800,-150.00,150.00,
828,15702.0500,-150.00,150.00,12878.4400,-150.00,150.00,
829,14469.8500,-150.00,150.00,11003.3200,-150.00,150.00,
830,13213.2200,-150.00,150.00,9996.1040,-150.00,150.00,
831,11034.6300,-150.00,150.00,8978.3690,-150.00,150.00,
832,10237.4300,-150.00,150.00,7784.7870,-150.00,150.00,
833,9748.8700,-150.00,150.00,7527.2370,-150.00,150.00,
834,9377.7870,-150.00,150.00,7460.6270,-150.00,150.00,
835,9357.9820,-150.00,150.00,7485.4440,-150.00,150.00,
836,9280.7090,-150.00,150.00,7366.2500,-150.00,150.00,
837,8957.9580,-150.00,150.00,7272.5090,-150.00,150.00,
838,8791.0480,-150.00,150.00,6979.4260,-150.00,150.00,
839,8817.0270,-150.00,150.00,7006.2250,-150.00,150.00,
840,9239.4740,-150.00,150.00,7110.1400,-150.00,150.00,
841,9550.5090,-150.00,150.00,7733.8740,-150.00,150.00,
842,9831.0040,-150.00,150.00,8021.3440,-150.00,150.00,
843,10335.1400,-150.00,150.00,8198.4550,-150.00,150.00,
844,10605.8500,-150.00,150.00,8526.1180,-150.00,150.00,
845,11035.6100,-150.00,150.00,8737.9470,-150.00,150.00,
846,11784.7300,-150.00,150.00,8992.7000,-150.00,150.00,
847,12149.2200,-150.00,150.00,9810.3730,-150.00,150.00,
848,12602.3400,-150.00,150.00,10189.2600,-150.00,150.00,
849,13103.5000,-150.00,150.00,10556.5900,-150.00,150.00,
850,14134.1700,-150.00,150.00,11192.9900,-150.00,150.00,
851,14548.4200,-150.00,150.00,11483.2500,-150.00,150.00,
852,14854.5800,-150.00,150.00,11764.3300,-150.00,150.00,
853,15223.7500,-150.00,150.00,12158.8700,-150.00,150.00,
854,15343.8900,-150.00,150.00,12177.3600,-150.00,150.00,
855,15461.4300,-150.00,150.00,12165.3600,-150.00,150.00,
856,15560.1500,-150.00,150.00,12125.1400,-150.00,150.00,
857,15410.1300,-150.00,150.00,12155.3100,-150.00,150.00,
858,15333.5000,-150.00,150.00,12141.3600,-150.00,150.00,
859,15191.6100,-150.00,150.00,11967.1400,-150.00,150.00,
860,15250.3800,-150.00,150.00,11943.4600,-150.00,150.00,
861,15306.5500,-150.00,150.00,11924.3100,-150.00,150.00,
862,15277.6500,-150.00,150.00,11966.1700,-150.00,150.00,
863,15289.9900,-150.00,150.00,12084.9100,-150.00,150.00,
864,15348.1100,-150.00,150.00,12175.4200,-150.00,150.00,
865,15598.4600,-150.00,150.00,12167.9600,-150.00,150.00,
866,15697.8300,-150.00,150.00,12165.0400,-150.00,150.00,
867,15593.2700,-150.00,150.00,12184.8300,-150.00,150.00,
868,15293.2400,-150.00,150.00,12111.1900,-150.00,150.00,
869,15108.4900,-150.00,150.00,11927.5600,-150.00,150.00,
870,14864.0000,-150.00,150.00,11337.4800,-150.00,150.00,
871,14248.7700,-150.00,150.00,11097.1900,-150.00,150.00,
872,13853.0300,-150.00,150.00,10789.2500,-150.00,150.00,
873,13332.6700,-150.00,150.00,10171.3800,-150.00,150.00,
874,12437.1200,-150.00,150.00,9807.4450,-150.00,150.00,
875,12106.0500,-150.00,150.00,9609.3010,-150.00,150.00,
876,11892.8100,-150.00,150.00,9140.2290,-150.00,150.00,
877,11756.4900,-150.00,150.00,8989.1170,-150.00,150.00,
878,11704.2300,-150.00,150.00,8975.7630,-150.00,150.00,
879,12027.1800,-150.00,150.00,9487.9130,-150.00,150.00,
880,12768.2000,-150.00,150.00,10347.2700,-150.00,150.00,
881,15089.0000,-150.00,150.00,11586.1500,-150.00,150.00,
882,16122.2500,-150.00,150.00,13415.7900,-150.00,150.00,
883,16636.3400,-150.00,150.00,13395.0500,-150.00,150.00,
884,15525.7300,-150.00,150.00,12695.6000,-150.00,150.00,
885,14172.1500,-150.00,150.00,10360.2700,-150.00,150.00,
886,12781.8300,-150.00,150.00,9244.7480,-150.00,150.00,
887,10283.8500,-150.00,150.00,8294.0010,-150.00,150.00,
888,9298.8910,-150.00,150.00,6786.8900,-150.00,150.00,
889,8458.1720,-150.00,150.00,6229.1510,-150.00,150.00,
890,7255.4860,-150.00,150.00,5807.0870,-150.00,150.00,
891,6864.1590,-150.00,150.00,5173.4730,-150.00,150.00,
892,6585.5530,-150.00,150.00,4980.5660,-150.00,150.00,
893,6182.0130,-150.00,150.00,4870.9550,-150.00,150.00,
894,6147.8640,-150.00,150.00,4879.1600,-150.00,150.00,
895,6171.9310,-150.00,150.00,4926.0920,-150.00,150.00,
896,6193.7200,-150.00,150.00,4961.5340,-150.00,150.00,
897,6127.0490,-150.00,150.00,4813.8420,-150.00,150.00,
898,5883.4240,-150.00,150.00,4613.5620,-150.00,150.00,
899,5409.7000,-150.00,150.00,4234.4320,-150.00,150.00,
900,5238.5160,-150.00,150.00,4104.2590,-150.00,150.00,
901,5111.9010,-150.00,150.00,4016.4700,-150.00,150.00,
902,5182.5340,-150.00,150.00,4021.4030,-150.00,150.00,
903,5371.3000,-150.00,150.00,4238.3760,-150.00,150.00,
904,5706.4500,-150.00,150.00,4607.9790,-150.00,150.00,
905,6121.5200,-150.00,150.00,5072.1080,-150.00,150.00,
906,6234.3720,-150.00,150.00,5050.4550,-150.00,150.00,
907,6073.3840,-150.00,150.00,4836.8190,-150.00,150.00,
908,5601.0340,-150.00,150.00,4240.3490,-150.00,150.00,
909,5376.8320,-150.00,150.00,4046.0640,-150.00,150.00,
910,5169.5140,-150.00,150.00,3902.3510,-150.00,150.00,
911,4944.5800,-150.00,150.00,3790.1770,-150.00,150.00,
912,4943.2770,-150.00,150.00,3792.8090,-150.00,150.00,
913,5037.3580,-150.00,150.00,3838.8660,-150.00,150.00,
914,5640.0780,-150.00,150.00,4221.9420,-150.00,150.00,
915,6074.6850,-150.00,150.00,4663.4760,-150.00,150.00,
916,6536.4580,-150.00,150.00,5476.7810,-150.00,150.00,
917,7155.7130,-150.00,150.00,5660.6400,-150.00,150.00,
918,7160.2630,-150.00,150.00,5601.9830,-150.00,150.00,
919,7039.3580,-150.00,150.00,5087.8550,-150.00,150.00,
920,6475.3310,-150.00,150.00,4872.5960,-150.00,150.00,
921,6156.6450,-150.00,150.00,4654.6100,-150.00,150.00,
922,5896.4360,-150.00,150.00,4334.3370,-150.00,150.00,
923,5468.6010,-150.00,150.00,4195.3180,-150.00,150.00,
924,5297.7500,-150.00,150.00,4064.4770,-150.00,150.00,
925,5230.0530,-150.00,150.00,3900.3780,-150.00,150.00,
926,5091.3940,-150.00,150.00,3830.3130,-150.00,150.00,
927,4987.5510,-150.00,150.00,3781.9520,-150.00,150.00,
928,4956.2990,-150.00,150.00,3730.6250,-150.00,150.00,
929,4879.7930,-150.00,150.00,3702.3260,-150.00,150.00,
930,4805.2350,-150.00,150.00,3699.3650,-150.00,150.00,
931,4746.9530,-150.00,150.00,3615.4450,-150.00,150.00,
932,4725.1370,-150.00,150.00,3577.5940,-150.00,150.00,
933,4518.3540,-150.00,150.00,3451.1800,-150.00,150.00,
934,4401.1050,-150.00,150.00,3300.3580,-150.00,150.00,
935,4190.0290,-150.00,150.00,3140.9180,-150.00,150.00,
936,3726.6970,-150.00,150.00,2753.9350,-150.00,150.00,
937,3466.2780,-150.00,150.00,2543.8190,-150.00,150.00,
938,3218.8450,-150.00,150.00,2382.1220,-150.00,150.00,
939,2735.9040,-150.00,150.00,2014.6150,-150.00,150.00,
940,2534.0050,-150.00,150.00,1869.2430,-150.00,150.00,
941,2351.6540,-150.00,150.00,1753.5720,-150.00,150.00,
942,2074.6640,-150.00,150.00,1588.2750,-150.00,150.00,
943,1965.0320,-150.00,150.00,1540.9890,-150.00,150.00,
944,1887.3730,-150.00,150.00,1487.4130,-150.00,150.00,
945,1810.6890,-150.00,150.00,1455.6620,-150.00,150.00,
946,1815.2580,-150.00,150.00,1459.9620,-150.00,150.00,
947,1807.4260,-150.00,150.00,1480.4680,-150.00,150.00,
948,1868.4470,-150.00,150.00,1531.3990,-150.00,150.00,
949,1900.7510,-150.00,150.00,1553.5550,-150.00,150.00,
950,1945.4540,-150.00,150.00,1643.1610,-150.00,150.00,
951,2067.1600,-150.00,150.00,1686.4690,-150.00,150.00,
952,2135.0240,-150.00,150.00,1737.3760,-150.00,150.00,
953,2209.7380,-150.00,150.00,1837.8500,-150.00,150.00,
954,2349.0440,-150.00,150.00,1903.6080,-150.00,150.00,
955,2413.3100,-150.00,150.00,1972.6600,-150.00,150.00,
956,2491.9260,-150.00,150.00,2073.4100,-150.00,150.00,
957,2640.6660,-150.00,150.00,2128.2350,-150.00,150.00,
958,2740.4700,-150.00,150.00,2203.5250,-150.00,150.00,
959,2860.1610,-150.00,150.00,2369.5790,-150.00,150.00,
960,3074.4050,-150.00,150.00,2446.4780,-150.00,150.00,
961,3183.9590,-150.00,150.00,2534.9100,-150.00,150.00,
962,3314.3680,-150.00,150.00,2713.7010,-150.00,150.00,
963,3531.1440,-150.00,150.00,2817.5770,-150.00,150.00,
964,3660.5380,-150.00,150.00,2967.9060,-150.00,150.00,
965,3741.0360,-150.00,150.00,3020.3110,-150.00,150.00,
966,3959.3630,-150.00,150.00,3085.2320,-150.00,150.00,
967,4044.4020,-150.00,150.00,3166.6170,-150.00,150.00,
968,4066.8830,-150.00,150.00,3209.4450,-150.00,150.00,
969,4124.8740,-150.00,150.00,3226.5750,-150.00,150.00,
970,4171.4600,-150.00,150.00,3196.2680,-150.00,150.00,
971,4150.2850,-150.00,150.00,3181.7720,-150.00,150.00,
972,4080.8920,-150.00,150.00,3138.2820,-150.00,150.00,
973,4030.7180,-150.00,150.00,3008.4460,-150.00,150.00,
974,3986.0810,-150.00,150.00,2998.2290,-150.00,150.00,
975,3927.7570,-150.00,150.00,2966.2580,-150.00,150.00,
976,3893.2180,-150.00,150.00,2981.0900,-150.00,150.00,
977,3915.7010,-150.00,150.00,3003.1730,-150.00,150.00,
978,4075.3530,-150.00,150.00,3215.7040,-150.00,150.00,
979,4212.8320,-150.00,150.00,3347.7840,-150.00,150.00,
980,4321.3050,-150.00,150.00,3427.1450,-150.00,150.00,
981,4268.5360,-150.00,150.00,3150.8020,-150.00,150.00,
982,4070.1400,-150.00,150.00,2871.3190,-150.00,150.00,
983,3787.3120,-150.00,150.00,2602.2130,-150.00,150.00,
984,3196.0220,-150.00,150.00,2199.5630,-150.00,150.00,
985,2956.3630,-150.00,150.00,2065.1530,-150.00,150.00,
986,2795.5880,-150.00,150.00,1949.2030,-150.00,150.00,
987,2567.9290,-150.00,150.00,1932.6840,-150.00,150.00,
988,2553.2500,-150.00,150.00,1928.7190,-150.00,150.00,
989,2603.8090,-150.00,150.00,2013.2930,-150.00,150.00,
990,2692.8520,-150.00,150.00,2101.8140,-150.00,150.00,
991,2810.5900,-150.00,150.00,2214.4210,-150.00,150.00,
992,3138.6390,-150.00,150.00,2526.0020,-150.00,150.00,
993,3265.7920,-150.00,150.00,2605.5120,-150.00,150.00,
994,3336.8630,-150.00,150.00,2638.8290,-150.00,150.00,
995,3296.1120,-150.00,150.00,2524.0220,-150.00,150.00,
996,3202.5430,-150.00,150.00,2443.1770,-150.00,150.00,
997,3112.8800,-150.00,150.00,2331.9500,-150.00,150.00,
998,2867.3360,-150.00,150.00,2252.3900,-150.00,150.00,
999,2804.7200,-150.00,150.00,2213.7610,-150.00,150.00,
1000,2718.9450,-150.00,150.00,2138.4720,-150.00,150.00,
1001,2611.6370,-150.00,150.00,2141.1140,-150.00,150.00,
1002,2567.9290,-150.00,150.00,2111.3920,-150.00,150.00,
1003,2524.8720,-150.00,150.00,2100.4930,-150.00,150.00,
1004,2502.6900,-150.00,150.00,2116.0150,-150.00,150.00,
1005,2498.1240,-150.00,150.00,2090.9150,-150.00,150.00,
1006,2482.7920,-150.00,150.00,2112.0520,-150.00,150.00,
1007,2502.3640,-150.00,150.00,2119.3180,-150.00,150.00,
1008,2524.5450,-150.00,150.00,2143.4260,-150.00,150.00,
1009,2540.5290,-150.00,150.00,2177.7690,-150.00,150.00,
1010,2609.6800,-150.00,150.00,2199.8930,-150.00,150.00,
1011,2614.8990,-150.00,150.00,2285.0740,-150.00,150.00,
1012,2687.3080,-150.00,150.00,2300.2600,-150.00,150.00,
1013,2731.0120,-150.00,150.00,2336.5720,-150.00,150.00,
1014,2760.3650,-150.00,150.00,2355.7160,-150.00,150.00,
1015,2793.9580,-150.00,150.00,2371.2290,-150.00,150.00,
1016,2847.4430,-150.00,150.00,2392.3530,-150.00,150.00,
1017,2859.8350,-150.00,150.00,2392.0230,-150.00,150.00,
1018,2848.7470,-150.00,150.00,2397.6340,-150.00,150.00,
1019,2862.7700,-150.00,150.00,2363.9680,-150.00,150.00,
1020,2837.6590,-150.00,150.00,2376.5100,-150.00,150.00,
1021,2833.7460,-150.00,150.00,2351.7550,-150.00,150.00,
1022,2806.0240,-150.00,150.00,2330.6300,-150.00,150.00,
1023,2798.5230,-150.00,150.00,2306.8620,-150.00,150.00,
1024,2783.5210,-150.00,150.00,2290.0260,-150.00,150.00,
1025,2715.0310,-150.00,150.00,2263.9460,-150.00,150.00,
1026,2702.3110,-150.00,150.00,2240.8350,-150.00,150.00,
1027,2666.4330,-150.00,150.00,2180.4110,-150.00,150.00,
1028,2603.4820,-150.00,150.00,2153.6630,-150.00,150.00,
1029,2594.6760,-150.00,150.00,2109.7400,-150.00,150.00,
1030,2562.0570,-150.00,150.00,2055.2440,-150.00,150.00,
1031,2487.6850,-150.00,150.00,2005.3650,-150.00,150.00,
1032,2442.3430,-150.00,150.00,1951.8470,-150.00,150.00,
1033,2418.2030,-150.00,150.00,1921.4500,-150.00,150.00,
1034,2361.7670,-150.00,150.00,1885.7650,-150.00,150.00,
1035,2365.3550,-150.00,150.00,1824.9620,-150.00,150.00,
1036,2336.9730,-150.00,150.00,1772.4120,-150.00,150.00,
1037,2249.8670,-150.00,150.00,1736.7150,-150.00,150.00,
1038,2219.2000,-150.00,150.00,1693.0810,-150.00,150.00,
1039,2185.5950,-150.00,150.00,1636.8790,-150.00,150.00,
1040,2124.9100,-150.00,150.00,1613.0740,-150.00,150.00,
1041,2094.2410,-150.00,150.00,1559.8380,-150.00,150.00,
1042,2042.0360,-150.00,150.00,1534.0440,-150.00,150.00,
1043,1999.2930,-150.00,150.00,1494.6890,-150.00,150.00,
1044,1951.0010,-150.00,150.00,1471.2070,-150.00,150.00,
1045,1866.4890,-150.00,150.00,1431.5160,-150.00,150.00,
1046,1836.7950,-150.00,150.00,1390.8290,-150.00,150.00,
1047,1804.1630,-150.00,150.00,1387.1900,-150.00,150.00,
1048,1754.5630,-150.00,150.00,1348.4840,-150.00,150.00,
1049,1726.1720,-150.00,150.00,1327.6410,-150.00,150.00,
1050,1682.4440,-150.00,150.00,1304.4800,-150.00,150.00,
1051,1644.2630,-150.00,150.00,1282.9730,-150.00,150.00,
1052,1621.4200,-150.00,150.00,1255.5090,-150.00,150.00,
1053,1592.3760,-150.00,150.00,1236.3160,-150.00,150.00,
1054,1540.4870,-150.00,150.00,1187.6680,-150.00,150.00,
1055,1500.6730,-150.00,150.00,1185.3510,-150.00,150.00,
1056,1475.5440,-150.00,150.00,1142.6560,-150.00,150.00,
1057,1431.4860,-150.00,150.00,1125.7750,-150.00,150.00,
1058,1417.1270,-150.00,150.00,1111.8730,-150.00,150.00,
1059,1381.2280,-150.00,150.00,1082.0800,-150.00,150.00,
1060,1335.2110,-150.00,150.00,1063.2110,-150.00,150.00,
1061,1315.6290,-150.00,150.00,1050.6310,-150.00,150.00,
1062,1299.9640,-150.00,150.00,1021.4970,-150.00,150.00,
1063,1267.6540,-150.00,150.00,1016.5310,-150.00,150.00,
1064,1229.7960,-150.00,150.00,992.0298,-150.00,150.00,
1065,1221.9630,-150.00,150.00,990.3742,-150.00,150.00,
1066,1177.2510,-150.00,150.00,990.3742,-150.00,150.00,
1067,1168.4390,-150.00,150.00,961.2362,-150.00,150.00,
1068,1149.1840,-150.00,150.00,944.6797,-150.00,150.00,
1069,1125.0330,-150.00,150.00,936.0700,-150.00,150.00,
1070,1110.3460,-150.00,150.00,922.8241,-150.00,150.00,
1071,1103.1660,-150.00,150.00,913.5517,-150.00,150.00,
1072,1074.1190,-150.00,150.00,904.2792,-150.00,150.00,
1073,1059.7590,-150.00,150.00,898.6493,-150.00,150.00,
1074,1050.9470,-150.00,150.00,897.3246,-150.00,150.00,
1075,1040.8300,-150.00,150.00,881.4281,-150.00,150.00,
1076,1032.9970,-150.00,150.00,873.1484,-150.00,150.00,
1077,1025.8170,-150.00,150.00,860.2319,-150.00,150.00,
1078,1001.0130,-150.00,150.00,861.2255,-150.00,150.00,
1079,1000.0340,-150.00,150.00,852.2830,-150.00,150.00,
1080,986.6530,-150.00,150.00,844.3340,-150.00,150.00,
1081,982.0839,-150.00,150.00,849.9646,-150.00,150.00,
1082,968.0501,-150.00,150.00,842.6780,-150.00,150.00,
1083,963.1546,-150.00,150.00,836.0537,-150.00,150.00,
1084,950.7527,-150.00,150.00,832.0791,-150.00,150.00,
1085,952.0581,-150.00,150.00,827.1107,-150.00,150.00,
1086,934.7607,-150.00,150.00,809.2243,-150.00,150.00,
1087,922.3588,-150.00,150.00,803.5933,-150.00,150.00,
1088,916.8106,-150.00,150.00,790.0122,-150.00,150.00,
1089,883.1950,-150.00,150.00,781.0684,-150.00,150.00,
1090,871.4459,-150.00,150.00,780.0746,-150.00,150.00,
1091,859.6968,-150.00,150.00,772.4556,-150.00,150.00,
1092,849.9059,-150.00,150.00,752.2481,-150.00,150.00,
1093,840.4414,-150.00,150.00,750.2604,-150.00,150.00,
1094,834.5669,-150.00,150.00,742.6409,-150.00,150.00,
1095,816.6170,-150.00,150.00,746.9476,-150.00,150.00,
1096,809.1107,-150.00,150.00,737.0090,-150.00,150.00,
1097,808.7843,-150.00,150.00,732.0397,-150.00,150.00,
1098,791.4872,-150.00,150.00,718.1252,-150.00,150.00,
1099,780.3910,-150.00,150.00,710.1738,-150.00,150.00,
1100,773.8638,-150.00,150.00,708.5173,-150.00,150.00,
